Program type,state,Program start date,Waiver expiration date (if applicable),Populations enrolled: Low-income adults not covered under ACA Section VIII (excludes pregnant women and people with disabilities),Populations enrolled: Low-income adults covered under  ACA Section VIII (excludes pregnant women and people with disabilities),"Populations enrolled: Aged, Blind or Disabled Children or Adults",Populations enrolled: Non-Disabled Children (excludes children in foster care or receiving adoption assistance),Populations enrolled: Individuals receiving Limited Benefits (excludes partial duals),Populations enrolled: Full Duals,Populations enrolled: Partial Duals,Populations enrolled: Children with Special Health Care Needs,Populations enrolled: Native American/Alaskan Natives,Populations enrolled: Foster Care and Adoption Assistance Children,Benefits covered: Inpatient hospital physical health,Benefits covered: Inpatient hospital behavioral health (MH and/or SUD),Benefits covered: Outpatient hospital physical health,Benefits covered: Outpatient hospital behavioral health (MH and/or SUD),Benefits covered: Partial hospitalization,Benefits covered: Physician,Benefits covered: Nurse practitioner,Benefits covered: Rural health clinics and FQHCs,Benefits covered: Clinic services,Benefits covered: Lab and x-ray,Benefits covered: Prescription drugs,Benefits covered: Prosthetic devices,Benefits covered: EPSDT,Benefits covered: Case management,Benefits covered: SSA Section 1945-authorized health home,Benefits covered: Health home care (services in home),Benefits covered: Family planning,Benefits covered: Dental services (medical/surgical),Benefits covered: Dental (preventative or corrective),Benefits covered: Personal care (state plan option),Benefits covered: HCBS waiver services,Benefits covered: Private duty nursing,Benefits covered: ICF-IDD,Benefits covered: Nursing facility services,Benefits covered: Hospice care,Benefits covered: Non-Emergency Medical Transportation,Benefits covered: Institution for Mental Disease inpatient treatment for people ages 21-64 defined by 42 CFR ยง438.6(e) as an 'in lieu of' benefit
Other Prepaid Health Plan (PHP) (limited benefits),AL,1988-09-01,08/30/2019 12:00:00 AM,NA,NA,Mandatory,Mandatory,Mandatory,NA,NA,Mandatory,Voluntary,NA,0,0,0,0,0,1,0,1,1,1,0,0,0,1,0,0,1,0,0,0,0,0,0,0,0,0,0
Primary Care Case Management (PCCM),AL,2004-10-01,NA,NA,NA,Mandatory,Mandatory,Mandatory,NA,NA,Voluntary,Voluntary,Exempt,0,0,0,0,0,1,0,0,0,0,0,0,0,1,0,0,0,0,0,0,0,0,0,0,0,0,0
Primary Care Case Management (PCCM),AL,2015-04-01,NA,NA,NA,Mandatory,Mandatory,Mandatory,NA,NA,Mandatory,Voluntary,Exempt,0,0,0,0,0,0,0,0,0,0,0,0,0,1,1,0,0,0,0,0,0,0,0,0,0,0,0
Comprehensive MCO + MLTSS,AZ,1982-07-13,09/30/2021 12:00:00 AM,Mandatory,Mandatory,Mandatory,Mandatory,NA,Mandatory,NA,Mandatory,Voluntary,Mandatory,1,1,1,1,0,1,1,1,1,1,1,1,1,1,0,1,1,1,1,1,1,1,1,1,1,1,1
Primary Care Case Management (PCCM),AR,2014-01-01,NA,Mandatory,Mandatory,Mandatory,NA,NA,NA,NA,NA,Exempt,Mandatory,0,0,0,0,0,0,0,0,0,0,0,0,0,1,0,0,0,0,0,0,0,0,0,0,0,0,0
Program of All-inclusive Care for the Elderly (PACE),AR,2016-04-01,NA,NA,NA,Voluntary,NA,NA,Voluntary,NA,NA,Exempt,NA,0,0,0,0,1,1,0,0,1,1,0,0,0,1,0,0,0,1,0,1,0,0,0,0,0,0,0
Primary Care Case Management Entity (PCCM Entity),AR,2018-02-01,03/01/2019 12:00:00 AM,Mandatory,NA,Mandatory,Mandatory,NA,Mandatory,NA,Mandatory,Exempt,Mandatory,0,0,0,0,0,0,0,0,0,0,0,0,0,1,0,0,0,0,0,0,0,0,0,0,0,0,0
Dental only (PAHP),AR,2018-01-01,12/31/2022 12:00:00 AM,Mandatory,NA,Mandatory,Mandatory,NA,Mandatory,NA,Mandatory,Voluntary,Mandatory,0,0,0,0,0,0,0,0,0,0,0,0,0,0,0,0,0,1,1,0,0,0,0,0,0,0,0
Non-Emergency Medical Transportation,AR,1998-03-01,09/30/2019 12:00:00 AM,Mandatory,Mandatory,Mandatory,Mandatory,NA,Mandatory,NA,Mandatory,Exempt,Mandatory,0,0,0,0,0,0,0,0,0,0,0,0,0,0,0,0,0,0,0,0,0,0,0,0,0,1,0
Primary Care Case Management Entity (PCCM Entity),CO,2018-07-01,06/30/2023 12:00:00 AM,Mandatory,Mandatory,Mandatory,Mandatory,Mandatory,Mandatory,NA,Mandatory,Mandatory,Mandatory,1,1,1,1,1,1,1,1,1,1,1,1,1,1,0,1,1,1,1,1,1,1,1,1,1,1,1
Behavioral Health Organization (BHO) only (PIHP and/or PAHP),CO,1995-07-01,06/30/2019 12:00:00 AM,Mandatory,Mandatory,Mandatory,Mandatory,NA,Mandatory,NA,Mandatory,Mandatory,Mandatory,0,1,0,1,1,0,0,1,1,1,0,0,1,1,0,0,0,0,0,0,0,0,0,0,0,0,1
Non-Emergency Medical Transportation,DE,2002-07-01,NA,Mandatory,Mandatory,Mandatory,Mandatory,NA,Mandatory,NA,Mandatory,Exempt,Mandatory,0,0,0,0,0,0,0,0,0,0,0,0,0,0,0,0,0,0,0,0,0,0,0,0,0,1,0
Comprehensive MCO + MLTSS,DE,1996-01-01,07/31/2019 12:00:00 AM,Mandatory,Mandatory,Mandatory,Mandatory,Mandatory,Mandatory,NA,Mandatory,Mandatory,Mandatory,1,1,1,1,1,1,1,1,1,1,1,1,1,1,0,1,1,0,0,1,1,1,0,1,1,0,1
Comprehensive MCO,DE,1994-04-01,NA,Mandatory,Mandatory,Voluntary,Mandatory,NA,Voluntary,NA,NA,Mandatory,Exempt,1,1,1,1,1,1,1,1,1,1,1,1,1,1,1,1,1,1,1,1,0,0,0,0,1,1,1
Comprehensive MCO,DE,1996-01-01,NA,NA,NA,Voluntary,NA,NA,Voluntary,NA,Voluntary,Voluntary,Voluntary,1,1,1,1,1,1,1,1,1,1,1,1,1,1,0,1,1,1,1,1,1,1,1,1,1,1,1
Non-Emergency Medical Transportation,DE,2007-10-01,NA,NA,NA,Mandatory,NA,Mandatory,Mandatory,NA,Mandatory,Exempt,Mandatory,0,0,0,0,0,0,0,0,0,0,0,0,0,0,0,0,0,0,0,0,0,0,0,0,0,1,0
Comprehensive MCO,FL,2014-08-01,06/30/2022 12:00:00 AM,Mandatory,NA,Mandatory,Mandatory,NA,Mandatory,NA,Mandatory,Mandatory,Mandatory,1,1,1,1,1,1,1,1,1,1,1,1,1,0,0,1,1,1,1,1,0,1,0,0,1,1,1
MLTSS only (PIHP and/or PAHP),FL,2014-03-01,12/27/2021 12:00:00 AM,Mandatory,NA,Mandatory,Mandatory,NA,Mandatory,NA,Mandatory,Mandatory,Mandatory,0,0,0,0,0,0,0,0,0,0,0,0,0,1,0,1,0,0,0,1,1,1,0,1,1,1,0
Program of All-inclusive Care for the Elderly (PACE),FL,2003-01-01,NA,NA,NA,Voluntary,NA,NA,Voluntary,NA,NA,Voluntary,Exempt,1,1,1,1,1,1,1,1,1,1,1,1,0,1,0,1,1,1,1,0,1,0,0,1,1,1,0
Comprehensive MCO,GA,2006-06-01,NA,Mandatory,NA,NA,Mandatory,Voluntary,NA,NA,NA,Exempt,Exempt,1,1,1,1,0,1,1,1,1,1,1,1,1,1,0,0,1,1,1,0,0,0,0,0,0,0,0
Comprehensive MCO,GA,2014-03-03,NA,NA,NA,NA,NA,NA,NA,NA,NA,Exempt,Mandatory,1,1,1,1,0,1,1,1,1,1,1,1,1,1,0,0,1,1,1,0,0,0,0,1,0,0,0
Other Prepaid Health Plan (PHP) (limited benefits),GA,2011-01-01,12/31/2020 12:00:00 AM,NA,NA,NA,NA,Voluntary,NA,NA,NA,Exempt,Exempt,0,0,0,0,0,0,0,0,0,0,0,0,0,0,0,0,1,0,0,0,0,0,0,0,0,0,0
Non-Emergency Medical Transportation,GA,1997-10-07,NA,Voluntary,NA,Voluntary,Voluntary,Voluntary,Voluntary,NA,Voluntary,Exempt,Mandatory,0,0,0,0,0,0,0,0,0,0,0,0,0,0,0,0,0,0,0,0,0,0,0,0,0,1,0
Comprehensive MCO + MLTSS,HI,1994-09-01,07/31/2024 12:00:00 AM,Mandatory,Mandatory,Mandatory,Mandatory,Mandatory,Mandatory,Mandatory,Mandatory,Mandatory,Mandatory,1,1,1,1,1,1,1,1,1,1,1,1,1,1,0,1,1,1,1,1,1,1,1,1,1,1,0
Behavioral Health Organization (BHO) only (PIHP and/or PAHP),ID,2013-09-01,03/21/2022 12:00:00 AM,Mandatory,NA,Mandatory,Mandatory,NA,Voluntary,Voluntary,NA,Mandatory,Mandatory,0,0,0,1,0,1,1,1,0,0,0,0,1,1,0,0,0,0,0,0,0,0,0,0,0,0,0
Primary Care Case Management (PCCM),ID,2006-10-01,NA,Mandatory,NA,Mandatory,Mandatory,NA,Voluntary,Voluntary,NA,Voluntary,Voluntary,0,0,0,0,0,0,0,0,0,0,0,0,0,1,0,0,0,0,0,0,0,0,0,0,0,0,0
Dental only (PAHP),ID,2010-08-01,06/30/2022 12:00:00 AM,Mandatory,NA,Mandatory,Mandatory,NA,NA,NA,Mandatory,Mandatory,Mandatory,0,0,0,0,0,0,0,0,0,0,0,0,0,0,0,0,0,1,1,0,0,0,0,0,0,0,0
Non-Emergency Medical Transportation,ID,2010-09-01,NA,Mandatory,NA,Mandatory,Mandatory,Mandatory,NA,NA,Mandatory,Mandatory,Mandatory,0,0,0,0,0,0,0,0,0,0,0,0,0,0,0,0,0,0,0,0,0,0,0,0,0,1,0
Comprehensive MCO,IN,2015-04-01,06/30/2019 12:00:00 AM,NA,NA,Mandatory,NA,NA,NA,NA,NA,Voluntary,Voluntary,1,1,1,1,1,1,1,1,1,1,1,1,1,1,0,1,1,1,1,0,0,0,0,1,1,1,1
Comprehensive MCO,IN,2000-01-01,NA,NA,NA,NA,Mandatory,NA,NA,NA,NA,Voluntary,Exempt,1,1,1,1,1,1,1,1,1,1,1,1,1,1,0,1,1,1,1,0,0,0,0,0,0,1,1
Comprehensive MCO,IN,2015-02-01,12/31/2020 12:00:00 AM,Mandatory,Mandatory,NA,NA,NA,NA,NA,NA,Voluntary,Exempt,1,1,1,1,1,1,1,1,1,1,1,1,1,1,0,1,1,1,1,1,0,1,0,1,1,1,1
Comprehensive MCO + MLTSS,IA,2016-04-01,03/31/2021 12:00:00 AM,Mandatory,Mandatory,Mandatory,Mandatory,NA,Mandatory,NA,Mandatory,Voluntary,Mandatory,1,1,1,1,1,1,1,1,1,1,1,1,1,1,1,1,1,0,0,0,1,1,1,1,1,1,0
Dental only (PAHP),IA,2014-05-01,01/01/2020 12:00:00 AM,Mandatory,Mandatory,NA,NA,NA,Mandatory,Mandatory,NA,Voluntary,Exempt,0,0,0,0,0,0,0,0,0,0,0,0,0,0,0,0,0,0,1,0,0,0,0,0,0,0,0
Non-Emergency Medical Transportation,IA,2009-01-01,NA,Mandatory,Mandatory,Mandatory,Mandatory,NA,Mandatory,NA,Mandatory,Voluntary,Mandatory,0,0,0,0,0,0,0,0,0,0,0,0,0,0,0,0,0,0,0,0,0,0,0,0,0,1,0
Comprehensive MCO + MLTSS,KS,2013-01-01,12/31/2018 12:00:00 AM,NA,Mandatory,Mandatory,Mandatory,NA,Mandatory,NA,Mandatory,Voluntary,Mandatory,1,1,1,1,0,1,1,1,1,1,1,1,1,1,0,1,1,1,1,1,1,0,1,1,1,1,0
Comprehensive MCO,KY,2011-11-01,09/30/2019 12:00:00 AM,Mandatory,Mandatory,Mandatory,Mandatory,Mandatory,Mandatory,NA,Mandatory,Voluntary,Mandatory,1,1,1,1,1,1,1,1,1,1,1,1,1,0,0,1,1,1,1,0,0,1,0,0,1,0,0
Non-Emergency Medical Transportation,KY,1998-12-01,09/30/2019 12:00:00 AM,Mandatory,Mandatory,Mandatory,Mandatory,Mandatory,NA,NA,Mandatory,Voluntary,Mandatory,0,0,0,0,0,0,0,0,0,0,0,0,0,0,0,0,0,0,0,0,0,0,0,0,0,1,0
Comprehensive MCO,LA,2012-02-01,NA,Mandatory,Mandatory,Varies,Mandatory,NA,NA,NA,NA,Voluntary,Mandatory,1,1,1,1,0,1,1,1,1,1,1,1,1,1,0,1,1,1,0,1,0,0,0,0,1,1,1
Behavioral Health Organization (BHO) only (PIHP and/or PAHP),LA,2015-12-01,10/31/2022 12:00:00 AM,NA,NA,Mandatory,NA,NA,Mandatory,NA,Mandatory,Exempt,Mandatory,0,1,0,1,0,1,1,1,1,0,0,0,1,1,0,0,0,0,0,0,1,0,0,0,0,1,1
Behavioral Health Organization (BHO) only (PIHP and/or PAHP),LA,2012-03-01,06/30/2022 12:00:00 AM,NA,NA,NA,NA,NA,NA,NA,Voluntary,Exempt,NA,0,1,0,1,0,1,1,1,1,0,0,0,1,1,0,0,0,0,0,0,1,0,0,0,0,0,0
Dental only (PAHP),LA,2014-07-01,06/30/2021 12:00:00 AM,Mandatory,Mandatory,Mandatory,Mandatory,Mandatory,Mandatory,NA,Mandatory,Mandatory,Mandatory,0,0,0,0,0,0,0,1,1,1,0,0,1,0,0,0,0,1,1,0,0,0,0,0,0,0,0
Primary Care Case Management (PCCM),ME,1999-05-01,NA,NA,NA,Mandatory,Mandatory,NA,NA,NA,NA,Voluntary,Voluntary,0,0,0,0,0,1,0,1,0,0,0,0,0,1,0,0,0,0,0,0,0,0,0,0,0,0,0
Non-Emergency Medical Transportation,ME,2011-08-01,03/31/2022 12:00:00 AM,NA,NA,Mandatory,Mandatory,NA,Mandatory,NA,Mandatory,Mandatory,Mandatory,0,0,0,0,0,0,0,0,0,0,0,0,0,0,0,0,0,0,0,0,0,0,0,0,0,1,0
Comprehensive MCO,MD,1997-06-02,12/31/2021 12:00:00 AM,Mandatory,Mandatory,Mandatory,Mandatory,NA,NA,NA,Mandatory,Mandatory,Mandatory,1,0,1,0,0,1,1,1,1,1,1,1,1,1,0,1,1,0,0,0,0,1,0,0,1,0,0
Comprehensive MCO,MA,1998-07-07,06/30/2019 12:00:00 AM,Mandatory,Mandatory,Mandatory,Mandatory,NA,NA,NA,Mandatory,Mandatory,Voluntary,1,1,1,1,1,1,1,1,1,1,1,1,1,1,0,1,1,1,0,1,0,0,0,1,1,1,1
Primary Care Case Management (PCCM),MA,1995-01-01,06/30/2022 12:00:00 AM,Mandatory,Mandatory,Mandatory,Mandatory,NA,NA,NA,Mandatory,Mandatory,Voluntary,0,0,0,0,0,0,0,0,0,0,0,0,0,1,0,0,0,0,0,0,0,0,0,0,0,0,0
Primary Care Case Management Entity (PCCM Entity),MA,2018-03-01,06/30/2022 12:00:00 AM,Mandatory,Mandatory,Mandatory,Mandatory,NA,NA,NA,Mandatory,Mandatory,Voluntary,0,0,0,0,0,0,0,0,0,0,0,0,0,0,0,0,0,0,0,0,0,0,0,0,0,0,0
Comprehensive MCO,MA,2018-03-01,06/30/2022 12:00:00 AM,Mandatory,Mandatory,Mandatory,Mandatory,NA,NA,NA,Mandatory,Mandatory,Voluntary,1,1,1,1,1,1,1,1,1,1,1,1,1,1,0,1,1,1,0,0,0,0,0,1,1,1,1
Behavioral Health Organization (BHO) only (PIHP and/or PAHP),MA,1997-07-01,06/30/2022 12:00:00 AM,Mandatory,Mandatory,Mandatory,Mandatory,NA,Mandatory,NA,Mandatory,Mandatory,Voluntary,0,1,0,1,1,1,1,0,1,0,1,0,0,1,0,0,0,0,0,0,0,0,0,0,0,0,1
Behavioral Health Organization (BHO) only (PIHP and/or PAHP),MA,2013-04-01,03/31/2018 12:00:00 AM,Mandatory,Mandatory,Mandatory,NA,NA,Mandatory,Mandatory,NA,Mandatory,Exempt,0,1,0,1,1,0,0,0,1,0,0,0,0,1,0,0,0,0,0,0,0,0,0,0,0,0,0
MLTSS only (PIHP and/or PAHP),MI,2003-10-01,09/30/2019 12:00:00 AM,NA,NA,Voluntary,NA,NA,Voluntary,Voluntary,NA,Voluntary,Exempt,0,0,0,1,0,0,0,0,0,0,0,0,0,1,0,0,0,0,0,0,1,1,0,0,0,1,0
Comprehensive MCO,MI,1997-07-01,12/31/2019 12:00:00 AM,Mandatory,NA,Mandatory,Mandatory,Mandatory,Voluntary,Voluntary,Voluntary,Voluntary,Mandatory,1,0,1,1,0,1,1,1,1,1,1,1,1,1,0,1,1,1,0,0,0,0,0,0,0,0,0
Comprehensive MCO,MI,2014-04-01,12/31/2023 12:00:00 AM,NA,Voluntary,NA,NA,NA,NA,NA,NA,Voluntary,Exempt,1,0,1,1,0,1,1,1,1,1,1,1,1,1,0,0,1,1,1,0,0,0,0,1,1,1,0
Dental only (PAHP),MI,2009-04-01,09/30/2020 12:00:00 AM,NA,NA,Mandatory,Mandatory,NA,NA,NA,NA,Voluntary,Mandatory,0,0,0,0,0,0,0,0,0,0,0,0,0,0,0,0,0,0,1,0,0,0,0,0,0,0,0
Behavioral Health Organization (BHO) only (PIHP and/or PAHP),MI,1998-10-01,09/30/2019 12:00:00 AM,Mandatory,Mandatory,Mandatory,Mandatory,Mandatory,Voluntary,Voluntary,NA,Voluntary,Mandatory,0,1,0,1,0,0,0,0,0,0,0,0,0,0,0,0,0,0,0,0,1,0,0,0,0,0,0
Program of All-inclusive Care for the Elderly (PACE),MI,2003-11-01,NA,NA,NA,Voluntary,NA,NA,Voluntary,Voluntary,NA,Exempt,Exempt,1,1,1,1,0,1,0,0,0,1,1,1,0,1,0,1,0,1,1,1,1,0,0,1,0,1,0
Comprehensive MCO + MLTSS,MN,2008-01-01,NA,NA,NA,Voluntary,NA,NA,Voluntary,NA,NA,Voluntary,Voluntary,1,1,1,1,1,1,1,0,1,1,1,1,1,1,1,1,1,1,1,0,0,1,0,1,1,1,1
Comprehensive MCO + MLTSS,MN,1985-07-01,06/30/2021 12:00:00 AM,Mandatory,Mandatory,NA,Mandatory,NA,NA,NA,Voluntary,Mandatory,Mandatory,1,1,1,1,1,1,1,0,1,1,1,1,1,1,1,1,1,1,1,1,0,0,0,1,1,1,1
Comprehensive MCO + MLTSS,MN,2005-06-01,06/30/2021 12:00:00 AM,NA,NA,Mandatory,NA,NA,Mandatory,NA,NA,Mandatory,Exempt,1,1,1,1,1,1,1,0,1,1,1,1,0,1,1,1,1,1,1,1,1,1,0,1,1,1,0
Comprehensive MCO + MLTSS,MN,1997-03-01,12/31/2020 12:00:00 AM,NA,NA,Voluntary,NA,NA,Voluntary,NA,NA,Voluntary,Exempt,1,1,1,1,1,1,1,0,1,1,1,1,0,1,1,1,1,1,1,1,1,1,0,1,1,1,0
Comprehensive MCO,MS,2011-01-01,NA,Mandatory,NA,Mandatory,Mandatory,NA,NA,NA,Voluntary,Voluntary,Voluntary,1,1,1,1,0,1,1,1,1,1,1,1,1,1,0,1,1,1,1,1,0,1,0,0,1,1,0
Comprehensive MCO,MO,1995-09-01,06/30/2020 12:00:00 AM,Mandatory,NA,Mandatory,Mandatory,NA,NA,NA,Mandatory,Mandatory,Mandatory,1,1,1,1,1,1,1,1,1,1,1,1,1,1,0,1,1,0,1,1,0,0,0,0,1,1,1
Non-Emergency Medical Transportation,MO,2006-10-01,NA,Mandatory,NA,Mandatory,Mandatory,NA,Mandatory,Mandatory,Mandatory,Mandatory,Mandatory,0,0,0,0,0,0,0,0,0,0,0,0,0,0,0,0,0,0,0,0,0,0,0,0,0,1,0
Primary Care Case Management (PCCM),MT,1994-01-01,03/31/2019 12:00:00 AM,NA,Mandatory,Mandatory,Mandatory,NA,NA,NA,Mandatory,Mandatory,Mandatory,0,0,0,0,0,1,0,0,0,0,0,0,0,1,0,0,0,0,0,0,0,0,0,0,0,0,0
Non-Emergency Medical Transportation,NV,2003-10-01,NA,Mandatory,Mandatory,Mandatory,Mandatory,Mandatory,Mandatory,NA,Mandatory,Mandatory,Mandatory,0,0,0,0,0,0,0,0,0,0,0,0,0,0,0,0,0,0,0,0,0,0,0,0,0,1,0
Primary Care Case Management (PCCM),NV,2014-07-01,NA,Mandatory,Mandatory,Mandatory,Mandatory,NA,NA,NA,Mandatory,Exempt,Exempt,0,0,0,0,0,0,0,0,0,0,0,0,0,1,0,0,0,0,0,0,0,0,0,0,0,0,0
Comprehensive MCO,NV,2013-12-01,03/31/2020 12:00:00 AM,Mandatory,Mandatory,Mandatory,NA,NA,Mandatory,NA,Mandatory,Mandatory,Mandatory,1,1,1,1,1,1,1,1,1,1,1,1,1,1,0,1,1,0,0,1,0,1,0,0,1,1,1
Comprehensive MCO,NV,2014-08-01,NA,NA,Mandatory,NA,NA,NA,NA,NA,NA,Mandatory,Mandatory,1,1,1,1,1,1,1,1,1,1,1,1,1,1,0,1,1,0,0,0,0,0,0,0,1,0,1
Comprehensive MCO + MLTSS,NJ,1995-09-01,06/30/2022 12:00:00 AM,NA,Mandatory,Mandatory,Mandatory,NA,Mandatory,NA,Mandatory,Voluntary,Mandatory,1,1,1,1,1,1,1,1,1,1,1,1,1,1,0,1,1,1,1,1,1,1,1,1,1,1,1
Non-Emergency Medical Transportation,NJ,2009-07-01,NA,Mandatory,Mandatory,Mandatory,Mandatory,NA,Mandatory,Mandatory,Mandatory,Voluntary,Mandatory,0,0,0,0,0,0,0,0,0,0,0,0,0,0,0,0,0,0,0,0,0,0,0,0,0,1,0
Comprehensive MCO + MLTSS,NM,2014-01-01,12/31/2018 12:00:00 AM,Mandatory,Mandatory,Mandatory,Mandatory,Mandatory,Mandatory,NA,Mandatory,Voluntary,Mandatory,1,1,1,1,1,1,1,1,1,1,1,1,1,1,0,1,1,1,1,1,1,1,0,1,1,1,1
Comprehensive MCO,NM,2015-10-01,03/31/2021 12:00:00 AM,Voluntary,Voluntary,NA,NA,NA,NA,NA,NA,Exempt,Exempt,1,1,1,1,1,1,1,1,1,1,1,1,0,1,0,1,1,1,1,1,1,1,0,0,1,0,0
MLTSS only (PIHP and/or PAHP),NM,1998-01-01,03/31/2021 12:00:00 AM,NA,NA,NA,NA,NA,Mandatory,NA,NA,Exempt,Exempt,0,0,0,0,0,1,1,0,1,0,0,0,0,1,0,1,0,1,1,1,1,1,0,1,1,1,0
Comprehensive MCO + MLTSS,NM,2007-01-01,03/31/2021 12:00:00 AM,NA,NA,NA,NA,NA,Voluntary,NA,NA,Exempt,Exempt,1,1,1,1,0,1,1,0,1,1,1,1,0,1,0,1,0,1,1,1,1,1,0,1,0,1,0
Program of All-inclusive Care for the Elderly (PACE),NM,2001-01-01,NA,NA,NA,NA,NA,NA,Voluntary,Voluntary,NA,Exempt,Exempt,1,1,1,1,1,1,1,0,1,1,1,1,0,1,0,1,0,1,1,1,1,1,0,1,0,1,0
Comprehensive MCO,NM,2006-10-01,03/31/2021 12:00:00 AM,NA,NA,NA,NA,NA,Voluntary,NA,NA,Exempt,Exempt,1,1,1,1,0,1,1,0,1,1,1,1,0,1,0,1,0,1,1,1,0,1,0,0,0,1,0
Comprehensive MCO + MLTSS,NM,1997-10-01,03/31/2021 12:00:00 AM,Mandatory,Mandatory,Mandatory,Mandatory,NA,NA,NA,NA,Exempt,Mandatory,1,1,1,1,1,1,1,1,1,1,1,1,1,1,0,1,1,1,1,1,0,1,0,1,1,0,0
Behavioral Health Organization (BHO) only (PIHP and/or PAHP),NC,2012-01-01,06/30/2018 12:00:00 AM,Mandatory,NA,Mandatory,Mandatory,NA,Mandatory,NA,Mandatory,Voluntary,Mandatory,0,1,0,1,0,0,0,0,0,0,0,0,1,0,0,0,0,0,0,0,1,0,1,0,0,0,1
Other Prepaid Health Plan (PHP) (limited benefits),ND,2007-08-01,NA,Voluntary,NA,Voluntary,Voluntary,Voluntary,NA,NA,NA,Voluntary,Voluntary,0,0,0,0,0,0,0,0,0,0,0,0,0,1,0,0,0,0,0,0,0,0,0,0,0,0,0
Primary Care Case Management (PCCM),ND,1994-01-10,NA,Mandatory,NA,NA,Mandatory,Mandatory,NA,NA,NA,Mandatory,NA,0,0,1,0,0,1,1,1,1,0,0,0,0,1,0,0,0,0,0,0,0,0,0,0,0,0,0
Comprehensive MCO,ND,2014-01-01,12/31/2019 12:00:00 AM,NA,Mandatory,NA,NA,NA,NA,NA,NA,Mandatory,Mandatory,1,1,1,1,0,1,1,1,1,0,1,1,1,1,0,1,1,1,1,0,0,0,0,0,1,1,0
Comprehensive MCO,OH,2006-07-01,03/31/2020 12:00:00 AM,Mandatory,Mandatory,Mandatory,Mandatory,NA,NA,NA,Mandatory,Voluntary,Mandatory,1,1,1,1,1,1,1,1,1,1,1,1,1,1,0,1,1,1,1,1,0,1,0,1,1,1,1
Non-Emergency Medical Transportation,OK,2006-06-01,NA,Mandatory,NA,Mandatory,NA,NA,Mandatory,NA,NA,Mandatory,Exempt,0,0,0,0,0,0,0,0,0,0,0,0,0,0,0,0,0,0,0,0,0,0,0,0,0,1,0
Primary Care Case Management (PCCM),OK,1996-01-01,12/31/2023 12:00:00 AM,Mandatory,NA,Mandatory,Mandatory,Voluntary,NA,NA,NA,Voluntary,Voluntary,1,1,1,1,1,1,1,1,1,1,1,1,1,1,0,1,1,1,1,1,0,1,0,0,1,1,0
Comprehensive MCO,OR,1994-02-01,06/30/2022 12:00:00 AM,Mandatory,Mandatory,Voluntary,Voluntary,Mandatory,Voluntary,Voluntary,Mandatory,Voluntary,Voluntary,1,1,1,1,0,1,0,0,0,1,1,1,1,1,0,1,1,1,1,0,0,0,0,1,1,1,0
Behavioral Health Organization (BHO) only (PIHP and/or PAHP),PA,1999-01-01,12/31/2021 12:00:00 AM,Mandatory,Mandatory,Mandatory,Mandatory,Mandatory,Mandatory,Mandatory,Mandatory,Exempt,Mandatory,0,1,0,1,1,1,0,1,1,0,0,0,1,1,0,0,0,0,0,0,0,0,0,0,0,0,1
Program of All-inclusive Care for the Elderly (PACE),PA,1998-07-24,NA,NA,NA,NA,NA,NA,Voluntary,Voluntary,NA,Voluntary,Exempt,1,1,1,1,1,1,1,0,1,1,1,1,0,1,0,1,0,1,1,1,1,1,0,1,1,1,0
Comprehensive MCO,PA,1997-02-01,12/31/2021 12:00:00 AM,Mandatory,Mandatory,Mandatory,Mandatory,Mandatory,Mandatory,Mandatory,Mandatory,Mandatory,Mandatory,1,0,1,0,0,1,1,1,1,1,1,1,1,1,0,1,1,1,1,1,0,1,0,1,1,1,0
Comprehensive MCO,PR,1994-02-01,NA,Mandatory,Mandatory,Mandatory,Mandatory,NA,Mandatory,NA,Mandatory,Mandatory,Mandatory,1,1,1,1,1,1,0,1,1,1,1,1,1,1,0,0,1,1,1,0,0,0,0,0,0,0,0
Comprehensive MCO,PR,2006-01-01,NA,NA,NA,NA,NA,NA,Voluntary,NA,NA,Voluntary,Exempt,1,1,1,1,1,1,0,1,1,1,1,1,0,1,0,0,1,1,1,0,0,0,0,0,0,0,0
Program of All-inclusive Care for the Elderly (PACE),RI,2005-11-01,NA,NA,NA,Voluntary,NA,NA,Voluntary,NA,NA,Voluntary,NA,1,1,1,1,1,1,1,0,1,1,1,1,1,1,0,1,0,1,1,1,0,1,0,1,0,1,0
Comprehensive MCO,RI,1994-08-01,12/31/2023 12:00:00 AM,Mandatory,Mandatory,Mandatory,Mandatory,Mandatory,NA,NA,Mandatory,Mandatory,Mandatory,1,1,1,0,1,1,1,1,1,1,1,1,1,1,0,1,1,1,0,1,1,1,0,1,1,0,1
Non-Emergency Medical Transportation,RI,2014-05-01,NA,Mandatory,Mandatory,Mandatory,Mandatory,Mandatory,Mandatory,Mandatory,Mandatory,Exempt,NA,0,0,0,0,0,0,0,0,0,0,0,0,0,0,0,0,0,0,0,0,0,0,0,0,0,1,0
Dental only (PAHP),RI,2006-05-01,12/31/2023 12:00:00 AM,Mandatory,Mandatory,Mandatory,NA,NA,NA,NA,Mandatory,Mandatory,Mandatory,0,0,0,0,0,0,0,0,0,0,0,0,0,0,0,0,0,0,1,0,0,0,0,0,0,0,0
Comprehensive MCO,RI,1996-09-01,NA,Mandatory,NA,Mandatory,Mandatory,NA,NA,NA,Voluntary,Voluntary,Voluntary,1,1,1,1,1,1,1,1,1,1,1,1,1,0,0,1,1,0,0,0,0,0,0,0,0,0,1
Primary Care Case Management (PCCM),RI,2007-08-01,NA,Voluntary,NA,Voluntary,Voluntary,NA,NA,NA,Voluntary,Voluntary,Voluntary,0,0,0,0,0,0,0,0,0,0,0,0,0,1,0,0,0,0,0,0,0,0,0,0,0,0,0
Non-Emergency Medical Transportation,RI,2007-05-01,NA,Mandatory,Mandatory,Mandatory,Mandatory,Mandatory,Mandatory,Mandatory,Mandatory,Mandatory,Mandatory,0,0,0,0,0,0,0,0,0,0,0,0,0,0,0,0,0,0,0,0,0,0,0,0,0,1,0
Primary Care Case Management (PCCM),SD,2002-10-02,NA,NA,NA,Mandatory,Mandatory,Mandatory,NA,NA,NA,Mandatory,Exempt,0,0,0,0,0,0,0,0,0,0,0,0,0,1,0,0,0,0,0,0,0,0,0,0,0,0,0
Comprehensive MCO + MLTSS,TN,2002-07-01,06/30/2021 12:00:00 AM,Mandatory,NA,Mandatory,Mandatory,NA,Mandatory,NA,Mandatory,Exempt,Voluntary,1,1,1,1,1,1,1,1,1,1,1,1,1,1,1,1,1,1,0,1,1,1,0,1,1,1,1
Comprehensive MCO,TX,2008-04-01,NA,NA,NA,NA,NA,NA,Voluntary,NA,NA,Voluntary,Mandatory,1,1,1,1,1,1,1,1,1,1,1,1,1,1,0,0,1,1,1,1,0,1,0,0,1,1,0
Comprehensive MCO,TX,2011-12-11,09/30/2022 12:00:00 AM,Mandatory,NA,Mandatory,Mandatory,NA,NA,NA,Mandatory,Voluntary,Mandatory,1,1,1,1,1,1,1,1,1,1,1,1,1,1,0,0,1,0,0,0,0,1,0,0,0,0,0
Comprehensive MCO + MLTSS,TX,2016-11-01,09/30/2022 12:00:00 AM,NA,NA,Mandatory,NA,NA,Mandatory,NA,NA,Voluntary,Mandatory,1,1,1,1,1,1,1,1,1,1,1,1,1,1,1,1,1,1,1,1,1,1,1,1,1,1,0
Comprehensive MCO + MLTSS,TX,2011-12-11,09/30/2022 12:00:00 AM,NA,NA,Mandatory,NA,NA,Mandatory,NA,NA,Voluntary,NA,1,1,1,1,0,1,1,1,1,1,1,1,0,1,0,0,1,1,0,1,1,0,0,1,1,1,0
Dental only (PAHP),TX,2011-12-11,09/30/2022 12:00:00 AM,NA,NA,Mandatory,Mandatory,NA,NA,NA,NA,Voluntary,Exempt,0,0,0,0,0,0,0,0,0,0,0,0,1,0,0,0,0,0,1,0,0,0,0,0,0,0,0
Program of All-inclusive Care for the Elderly (PACE),TX,2001-06-01,NA,NA,NA,Voluntary,NA,NA,Voluntary,Voluntary,NA,Voluntary,Exempt,1,1,1,1,1,1,1,1,1,1,1,1,0,1,0,1,0,1,1,1,1,1,0,1,1,1,0
Non-Emergency Medical Transportation,TX,2014-09-01,03/31/2022 12:00:00 AM,Voluntary,NA,Voluntary,Voluntary,Voluntary,Voluntary,Voluntary,Voluntary,Voluntary,NA,0,0,0,0,0,0,0,0,0,0,0,0,0,0,0,0,0,0,0,0,0,0,0,0,0,1,0
Comprehensive MCO,UT,1983-03-23,06/30/2022 12:00:00 AM,Varies,Varies,Varies,Varies,Varies,Varies,Varies,Varies,Mandatory,Mandatory,1,0,1,0,1,1,1,1,1,1,1,1,1,1,0,1,1,0,0,0,0,1,0,0,1,0,0
Non-Emergency Medical Transportation,UT,2001-07-12,NA,NA,NA,Mandatory,Mandatory,NA,Mandatory,Mandatory,Mandatory,Voluntary,Mandatory,0,0,0,0,0,0,0,0,0,0,0,0,0,0,0,0,0,0,0,0,0,0,0,0,0,1,0
Comprehensive MCO + MLTSS,VT,2005-10-01,12/31/2021 12:00:00 AM,Mandatory,Mandatory,Mandatory,Mandatory,Mandatory,Mandatory,Mandatory,NA,Mandatory,Mandatory,1,1,1,1,1,1,1,1,1,1,1,1,1,1,1,1,1,1,1,1,1,1,1,1,1,1,1
Comprehensive MCO + MLTSS,VA,2017-08-01,07/01/2022 12:00:00 AM,Mandatory,Mandatory,Mandatory,Mandatory,NA,Mandatory,NA,Mandatory,Mandatory,Mandatory,1,1,1,1,1,1,1,1,1,1,1,1,1,1,0,1,1,1,0,1,1,1,0,1,1,1,0
Comprehensive MCO,VA,2017-07-01,06/30/2019 12:00:00 AM,Mandatory,NA,NA,Mandatory,NA,NA,NA,Mandatory,Exempt,Mandatory,1,1,1,1,1,1,1,1,1,1,1,0,1,1,0,1,1,1,0,1,0,0,0,0,0,0,0
Behavioral Health Organization (BHO) only (PIHP and/or PAHP),WA,2014-10-01,12/31/2022 12:00:00 AM,Mandatory,Mandatory,Mandatory,Mandatory,NA,Mandatory,Mandatory,Mandatory,Voluntary,Mandatory,0,0,0,1,1,0,0,1,1,0,0,0,1,1,0,0,0,0,0,0,0,0,0,0,0,1,0
Non-Emergency Medical Transportation,WA,2008-10-01,NA,NA,Mandatory,Mandatory,Mandatory,Mandatory,Mandatory,Mandatory,Mandatory,Mandatory,Mandatory,0,0,0,0,0,0,0,0,0,0,0,0,0,0,0,0,0,0,0,0,0,0,0,0,0,1,0
Comprehensive MCO,WA,1994-07-01,NA,NA,Mandatory,Mandatory,Mandatory,NA,NA,NA,Mandatory,Voluntary,Voluntary,1,0,1,1,1,1,1,1,1,1,1,1,1,1,0,1,1,1,0,0,0,1,0,1,1,0,0
Comprehensive MCO,WA,2012-07-01,NA,NA,NA,Mandatory,NA,NA,NA,NA,Mandatory,Voluntary,Voluntary,1,0,1,1,1,1,1,1,1,1,1,1,1,1,0,1,1,0,0,0,0,1,0,1,1,0,0
Program of All-inclusive Care for the Elderly (PACE),WA,1997-01-01,NA,NA,NA,Voluntary,NA,NA,Voluntary,NA,NA,Voluntary,Exempt,1,0,1,1,1,0,1,1,1,1,1,0,0,1,0,1,0,1,1,1,1,0,0,1,0,1,0
Comprehensive MCO,WA,2013-07-01,NA,Voluntary,Voluntary,Voluntary,NA,NA,Voluntary,NA,Voluntary,Voluntary,Exempt,0,0,0,0,0,0,0,0,0,0,0,0,0,0,1,0,0,0,0,0,0,0,0,0,0,0,0
Comprehensive MCO,WV,1996-09-01,06/30/2019 12:00:00 AM,Mandatory,Mandatory,Mandatory,Mandatory,NA,NA,NA,Mandatory,Mandatory,Exempt,1,1,1,1,1,1,1,1,1,1,1,1,1,0,0,1,1,1,1,0,0,1,0,0,1,0,0
Comprehensive MCO,WI,2008-02-01,NA,Mandatory,Mandatory,NA,Mandatory,NA,Voluntary,NA,Voluntary,Voluntary,Exempt,1,1,1,1,1,1,1,1,1,1,0,1,1,1,0,1,1,1,1,1,0,1,0,1,1,0,1
Comprehensive MCO,WI,2005-04-01,NA,NA,NA,Mandatory,NA,NA,Voluntary,NA,NA,Voluntary,NA,1,1,1,1,1,1,1,1,1,1,0,0,1,1,0,1,1,1,1,1,0,1,0,1,1,0,1
MLTSS only (PIHP and/or PAHP),WI,2000-02-01,12/31/2019 12:00:00 AM,NA,NA,Mandatory,NA,NA,Voluntary,NA,NA,Mandatory,Exempt,0,0,0,1,1,0,1,0,0,0,0,0,0,1,0,1,0,0,0,1,1,1,1,1,0,1,0
Other Prepaid Health Plan (PHP) (limited benefits),WY,2015-09-01,06/30/2020 12:00:00 AM,NA,NA,NA,NA,NA,NA,NA,Voluntary,Voluntary,Voluntary,0,0,0,0,0,0,0,0,0,0,0,0,0,1,0,0,0,0,0,0,1,0,0,0,0,0,0
